categories,group
daily log,topic
degree progress,topic
monthly goals,topic
professional development,topic
project progress,topic
rua ,topic
experiential learning,project
ig workshop,project
innovation grant,project
lab notebook,project
mussel biomarkers,project
mussel epigenetics,project
sicb,project
whale museum modeling,project
yellow island edna,project
yellow island ecology,project
analysis,task
bench,task
coding,task
data collection,task
literature,task
mentoring,task
planning,task
presentation,task
project management,task
seminar,task
writing,task
outreach,topic
organization,task